{"loss_reg_kd":1.0707579112052918,"data_time":0.007987942695617676,"lr":2.4999999999999944e-05,"_timestamp":1.732188881106441e+09,"loss":2.7152046751976013,"coco/bbox_mAP":0.369,"memory":2460,"iter":347937,"loss_cls_kd":0.777639733105898,"coco/bbox_mAP_s":0.194,"_runtime":7.500357409,"epoch":12,"coco/bbox_mAP_75":0.394,"_step":6965,"time":0.3295312976837158,"_wandb":{"runtime":7},"coco/bbox_mAP_m":0.409,"step":347937,"coco/bbox_mAP_50":0.548,"loss_dfl":0.21218233317136764,"loss_cls":0.3563695260602981,"coco/bbox_mAP_l":0.491,"loss_bbox":0.2982551556825638}