{"data_time":0.0030376949779416674,"coco/bbox_mAP":0.382,"_timestamp":1.7320642550643117e+09,"_runtime":2.84318669,"lr":1.2499999999999972e-05,"loss":2.1055220580101013,"iter":703563,"time":0,"loss_dfl":0.21177732646465303,"step":6,"loss_cls":0.3401989579200745,"memory":2348,"coco/bbox_mAP_75":0.412,"coco/bbox_mAP_s":0.202,"coco/bbox_mAP_l":0.506,"loss_reg_kd":0.4717859596014023,"coco/bbox_mAP_m":0.418,"loss_cls_kd":0.7818406242132186,"coco/bbox_mAP_50":0.557,"_step":14075,"epoch":12,"loss_bbox":0.29991918489336966,"_wandb":{"runtime":2}}