{"time":0.31671598434448245,"loss_reg_kd":1.0629083800315857,"lr":0.0002499999999999994,"_step":5182,"loss_cls_kd":0.6979513789713383,"coco/bbox_mAP_m":0.356,"_timestamp":1.7320075164071288e+09,"loss_bbox":0.37576098799705504,"loss":2.7484255027770996,"coco/bbox_mAP_s":0.174,"coco/bbox_mAP":0.325,"coco/bbox_mAP_50":0.494,"iter":258886,"_runtime":1.685813806,"loss_dfl":0.2478397135436535,"memory":2455,"epoch":9,"coco/bbox_mAP_l":0.431,"_wandb":{"runtime":1},"coco/bbox_mAP_75":0.35,"loss_cls":0.36396503783762457,"data_time":0.007362484931945801,"step":258886}