{"loss_reg_kd":0.4717859596014023,"loss":2.1055220580101013,"coco/bbox_mAP":0.38,"_timestamp":1.732065024553472e+09,"loss_cls_kd":0.7818406242132186,"coco/bbox_mAP_50":0.556,"step":703563,"_runtime":2.184008636,"data_time":0.008124814033508301,"memory":2348,"loss_cls":0.3401989579200745,"time":0.3096193981170654,"loss_bbox":0.29991918489336966,"coco/bbox_mAP_s":0.203,"coco/bbox_mAP_75":0.408,"lr":1.2499999999999972e-05,"iter":703563,"coco/bbox_mAP_m":0.418,"coco/bbox_mAP_l":0.505,"epoch":12,"_step":7037,"loss_dfl":0.21177732646465303,"_wandb":{"runtime":2}}