{"coco/bbox_mAP_l":0.506,"coco/bbox_mAP_m":0.418,"loss_reg_kd":0.4717859596014023,"coco/bbox_mAP_s":0.202,"coco/bbox_mAP_75":0.412,"loss":2.1055220580101013,"loss_bbox":0.29991918489336966,"coco/bbox_mAP_50":0.557,"_timestamp":1.732064846439989e+09,"_runtime":2.851964927,"_wandb":{"runtime":2},"iter":703563,"loss_dfl":0.21177732646465303,"time":0,"epoch":12,"lr":1.2499999999999972e-05,"_step":14075,"loss_cls_kd":0.7818406242132186,"data_time":0.0030376949779416674,"loss_cls":0.3401989579200745,"memory":2348,"coco/bbox_mAP":0.382,"step":6}