{"loss":4.89937008857727,"step":100,"iter":100,"memory":2375,"data_time":0.007860631942749023,"_runtime":1.16981125,"epoch":1,"lr":0.0004979959919839679,"_timestamp":1.732237370494965e+09,"loss_bbox":1.0567350506782531,"loss_cls_kd":2.7793720674514772,"time":0.3327855348587036,"_wandb":{"runtime":1},"loss_dfl":0.5089259433746338,"_step":1,"loss_reg_kd":0.026513206474483013,"loss_cls":0.5278237834572792}