{"coco/bbox_mAP_l":0.506,"coco/bbox_mAP_m":0.418,"coco/bbox_mAP_50":0.557,"_wandb":{"runtime":2},"coco/bbox_mAP_s":0.202,"lr":1.2499999999999972e-05,"coco/bbox_mAP_75":0.412,"step":6,"coco/bbox_mAP":0.382,"_step":14075,"iter":703563,"loss_bbox":0.29991918489336966,"loss_cls":0.3401989579200745,"epoch":12,"time":0.038365248893885776,"loss_cls_kd":0.7818406242132186,"memory":2348,"loss_dfl":0.21177732646465303,"data_time":0.0030376949779416674,"_runtime":2.859910974,"loss_reg_kd":0.4717859596014023,"loss":2.1055220580101013,"_timestamp":1.7320640318029711e+09}