{"coco/bbox_mAP_l":0.431,"loss":2.7484255027770996,"_timestamp":1.7320076782246048e+09,"_wandb":{"runtime":1},"loss_bbox":0.37576098799705504,"coco/bbox_mAP_s":0.174,"coco/bbox_mAP_m":0.356,"_runtime":1.839224242,"lr":0.0002499999999999994,"epoch":9,"memory":2455,"step":258886,"time":0.31671598434448245,"_step":5182,"loss_cls":0.36396503783762457,"loss_cls_kd":0.6979513789713383,"coco/bbox_mAP":0.325,"coco/bbox_mAP_75":0.35,"coco/bbox_mAP_50":0.494,"loss_dfl":0.2478397135436535,"loss_reg_kd":1.0629083800315857,"iter":258886,"data_time":0.007362484931945801}