{"loss_bbox":0.3817209604382515,"loss_cls_kd":0.9287873396277427,"epoch":5,"loss":1.97217471241951,"time":0.3450467014312744,"data_time":0.008053593635559082,"iter":131168,"coco/bbox_mAP_s":0.157,"coco/bbox_mAP_50":0.467,"_timestamp":1.7322374880703459e+09,"coco/bbox_mAP_l":0.403,"loss_dfl":0.24167068742215633,"coco/bbox_mAP_m":0.344,"step":131168,"loss_reg_kd":0.0026518043602118267,"_runtime":1.846388473,"loss_cls":0.4173439148068428,"_wandb":{"runtime":1},"memory":2380,"coco/bbox_mAP_75":0.325,"coco/bbox_mAP":0.304,"_step":2625,"lr":0.002499999999999994}