{"loss_reg_kd":0.14888324454426766,"loss_cls_kd":0.926275082230568,"loss":2.119575762748718,"coco/bbox_mAP_50":0.555,"_wandb":{"runtime":4},"loss_dfl":0.24970432683825494,"_timestamp":1.7323752935342715e+09,"coco/bbox_mAP_l":0.501,"lr":2.4999999999999944e-05,"coco/bbox_mAP_75":0.408,"epoch":12,"iter":351787,"data_time":0.0033532538827730626,"loss_cls":0.43297812461853025,"_step":7043,"time":0.03658305278352526,"coco/bbox_mAP_s":0.206,"coco/bbox_mAP_m":0.414,"memory":2452,"coco/bbox_mAP":0.38,"step":12,"loss_bbox":0.36173499524593355,"_runtime":4.66949785}